<?xml version="1.0" encoding="UTF-8"?>
<application id="Application_ID" version="10" xmlns="https://jakarta.ee/xml/ns/jakartaee" xmlns:xsi="http://www.w3.org/2001/XMLSchema-instance" xsi:schemaLocation="https://jakarta.ee/xml/ns/jakartaee https://jakarta.ee/xml/ns/jakartaee/application_10.xsd">
 <display-name>P1_calender_EAR</display-name> 
 
 <module>
    <web>
      <web-uri>P1_calender_web.war</web-uri>
      <context-root>calender</context-root>
    </web>
  </module>
  <module>
    <ejb>P1_calender_ejb.jar</ejb>
  </module>
 
 </application> 